stock_code,linear_regression: score,decision_tree: score,random_forest: score,support_vector_machine_linear: score,support_vector_machine_poly: score,support_vector_machine_rbf: score,lstm: score,linear_regression: mean_absolute_error,decision_tree: mean_absolute_error,random_forest: mean_absolute_error,support_vector_machine_linear: mean_absolute_error,support_vector_machine_poly: mean_absolute_error,support_vector_machine_rbf: mean_absolute_error,lstm: mean_absolute_error
HK.00700,-0.6030242354545909,-2.3563572223378006,-2.100493652596509,-1.0285021921005937,-3.4766566000243824,-2.5581089559989976,0.809887360265424,29.69119831368375,41.91318431168831,40.40726942077922,32.73676009365732,47.56682217633976,42.92935255135592,10.573312836428045
HK.00005,0.0411775642968336,-2.136938562299722,-0.3806156569315562,0.1283718043586137,-0.1208486828729145,-0.7394285524256978,0.9230228874051986,2.31334727878167,4.541846415584415,2.9773399948051944,2.230717819639913,2.612904844187693,3.334930581504732,0.7349922854752396
HK.01299,0.4843639620634722,-0.2333495886849645,-0.1563818874620486,0.4530409122103492,-2.464538802430051,-10.85221720747724,0.9569831411546128,4.377216774610575,7.104607792207793,6.779722337662338,4.531574804482847,11.287374458360604,20.584250271539865,1.200757884964856
HK.00939,-1.3962526578310812,-8.081708869232171,-6.549584908236134,-0.9582789126631664,-2.427099024747833,-1.9189422400817229,0.8862397925985317,0.3528338511530763,0.7299137142857144,0.7033916207792209,0.3400064217999584,0.4347194767251613,0.4064474109044616,0.0828768772567659
HK.00388,0.2048237122195205,-1.1264412521669,-0.7815811976026115,0.1560227069955201,-1.339902624001835,-1.5881600378309648,0.9586543081081,15.766135400420351,23.07425974025974,23.007612987012987,16.30482056507453,25.230943864831477,26.82819770964177,3.3178645717030557
HK.02318,0.6118185792499551,-0.8989813503337241,-0.3777590678753191,0.6164540294348815,-1.6048781102870455,-2.070005957919204,0.9276474703653992,5.052257749394408,11.64783612987013,10.410030077922078,4.987009077964226,12.713431738447278,13.47112698588814,2.2653258445239404
HK.01398,-1.1035131893879715,-5.918546795560907,-2.617122269546015,-0.9230498714157628,-1.654301464526934,-1.5443841170995158,0.8929798249998395,0.2899086725963161,0.5330562337662338,0.3879320571428571,0.3006101536201389,0.3485343643143044,0.3255013358801931,0.066185589286464
HK.00941,0.3994960596000136,-0.4018434310131882,0.1903807799210234,0.4200226021328972,0.4234232124159623,0.092260510472111,0.9723862014429906,3.729224805620389,5.331828571428571,4.084425974025974,3.562452667159253,3.4610694547498326,4.235512566426533,0.7380186059740196
HK.03968,0.5526726074701989,-0.4245846806055646,-0.2005209791199924,0.6194759781853267,-2.6107300274388647,-0.7937523293066293,0.9540097296184956,2.379095302480143,4.6390570129870135,4.28356574025974,2.24328247951841,6.984813971782115,4.749972324808264,0.7569333944857671
HK.00669,0.4944305428347326,-0.5434498889774122,-0.5012957435470928,0.5051484113014144,-2.5381304979722934,-5.652017950516584,0.9257621482449102,4.484770587045136,7.630636363636364,7.51682922077922,4.450388398571191,10.965943770181893,13.994910742652388,1.5907369767792552
HK.01211,0.1575366362563891,-2.12737603880912,-0.6552253657332878,0.1349939622934034,0.0676972507377533,-0.4842314201557331,0.9307147135280268,4.114301315569472,7.1283921298701305,5.340232561038961,4.091687187424936,4.179373381673485,5.081485865010189,1.084822687158616
HK.03988,-0.8119906851524201,-6.309741346862711,-2.364215233920715,-0.2861343893458634,-0.7893781892161214,-0.6113778926641673,0.9343732350146025,0.158482552297228,0.2993292207792207,0.217027135064935,0.1375917944205122,0.1639643981119446,0.1520436349252417,0.0305238023991763
HK.02331,0.8190681863555578,-0.6842684414311442,-0.6230737572035665,0.825600782990864,-4.123078189044382,-3.436448416474949,0.9889358052511468,2.153478125564959,6.358375302857143,6.197276745870131,2.1555659666752565,8.639187814660186,10.69578683607874,0.4764663186751626
HK.02382,0.0603029570914339,-0.674528560647073,-0.4698780081625009,-0.1034229776621187,-1.9108748448575497,-0.9222850929971842,0.9308881884326774,17.470879777726033,26.04245194805195,23.95451636363637,18.793888168628328,29.59085044323228,26.876695338952707,4.780538588430573
HK.00002,-0.0693833818754148,-7.945152265115167,-7.011653094770159,-0.12202423044618,-2.3744301360218896,-51.9170183617398,0.607879641165544,2.880517648729525,10.042441558441556,9.430672727272723,2.950526956060865,5.349968822286535,25.06672257721909,2.0806858682510523
HK.00823,0.6766825631946691,-10.791132278723422,-7.576935279918706,0.6809547601037838,-7.790044744753432,-22.478922787497847,0.96722135864584,4.363180801720174,27.99590208333333,24.20715809895833,4.352706969672624,21.737241434975925,39.04054548138624,1.242990466521551
HK.00883,-0.921331931578538,-2.9720847330103743,-1.8380953987025055,-1.0670872422557718,-1.4610406781463752,-2.073172124600041,0.8919680753492744,0.9615002763460556,1.359168831168831,1.191649350649351,1.001289606429773,1.105686399610978,1.1568025497084615,0.2210064498664777
HK.00003,0.5726041927549865,-2.709791368801951,-2.2790743107048987,0.6099008971426749,-1.1225056033258909,-18.21482327810131,0.9341153323888044,0.6556367119813401,2.010436946493506,1.8384830301298696,0.6277647681343729,1.3509770513578416,3.943173197818358,0.2778490055150204
HK.02313,-0.0896080942399644,-1.2853117252437642,-0.9463516699521526,0.0218373696574334,-53.29827588368868,-82.65834554383709,0.8171788716658879,6.83479480174763,9.630909090909087,8.932376623376625,6.456617171118748,54.61255586934263,69.98687062535687,2.594170237843642
HK.02020,0.8179801917276168,-0.1977957853148149,-0.1895074030741623,0.8186311124735213,-6.572027894407384,-5.947952312104933,0.9715243785810718,5.01093846604522,11.791506493506494,11.725363636363635,4.994549649740365,27.92023390533784,27.630878715489885,1.8534164796316088
HK.00175,-0.5280443336552747,-5.803595938116664,-3.466292222711707,-0.465201820654479,-2.9972586650550053,-3.814268329281336,0.9226871424625938,2.049224483839862,4.767376623376623,4.072124675324677,2.01931244746245,3.750183837025338,3.88052762276785,0.508713303083654
HK.00016,0.2682088446348254,-0.082405185065884,0.0839963635275539,0.2235697216160258,0.0072325553461916,-1.0377336705963116,0.9492982792998222,7.13251438229442,9.173896103896103,8.603012987012987,7.44910764947164,8.077814708395989,11.594575798264996,1.8006826486886307
HK.02319,0.6390797863644226,0.4087044549816593,0.3777421863530268,0.6446866216398579,-0.8318808422991042,-3.5107912294642416,0.9652637802972944,1.5789512138306536,2.1951194805194807,2.2618700779220777,1.5645732124483556,3.653134941222684,4.8997382179847,0.4865352680699028
HK.02688,0.1669266493451826,-0.0179228035391931,-0.0069794039213291,0.1679770553360556,-5.906194106166632,-12.684057740563151,0.916135892984732,5.135299270835284,5.630571428571429,5.640244155844156,5.15797960006445,15.380001578799192,21.506363194757697,1.463447732627162
HK.00011,0.1133134156302464,0.2636752671188918,0.3446705516682055,0.1600815189992658,-2.6079383721122924,-6.973627441156382,0.943216802851272,10.491328066532422,10.394025974025976,10.137844155844157,10.316207863711243,22.09010612932924,29.356639552701168,2.6265025089159013
HK.01109,0.344912315964799,-1.3515568946750318,-0.862993449912496,0.4455196550542126,-0.2583207479484322,-3.0599738098195832,0.8741739706540421,2.421928437604219,4.933293506493506,4.3434542857142855,2.333930883877268,3.251879672789578,5.740439394074532,1.1623147887745844
HK.00291,0.5927012890134024,0.3820169181505731,0.3103940830266423,0.6178593334087896,-3.46910587852185,-2.3755068467885074,0.9239380435933356,2.956162745733029,3.532384415584416,3.670228571428571,2.8594091285423446,9.64136994267846,7.024431485988509,1.2497349296314335
HK.02628,-0.1286179078323757,-1.3221916576809396,-0.4909665598971326,-0.0745301484642848,0.0114448115218804,-0.2054256545916379,0.9552036574882088,1.5481857217938657,2.100880155844156,1.7032673090909092,1.5268331002390605,1.4911280772733455,1.5674678567254208,0.2830948444151819
HK.02388,0.1565925574733068,-0.6424412118534086,-0.5482356777108786,0.216568758743105,-0.1290918834464585,-0.5681208794827677,0.9739551907898724,2.327157534953036,3.269233766233766,3.185664935064936,2.23371476433371,2.7494416742785983,3.103955985257301,0.3984192673251452
HK.00027,-0.5424811591375645,-2.4719017934218024,-1.6607076102251326,-0.6044806100573246,-1.2874158134667737,-2.4876539736548624,0.905265617015256,4.947415911528534,7.197376623376623,6.318348051948051,5.049635412178669,6.198400552493868,7.08691952001173,1.1753569851202128
HK.00386,0.533473696655804,0.0988185559219254,0.4689924864328829,0.6700290677735197,0.4451420987397108,-0.3910007478294457,0.9838919459154946,0.5079082324636398,0.6650773758441559,0.5105995688051949,0.3764985080337596,0.4829996047981834,0.6268575979496621,0.0846232703653931
HK.00066,0.4728608198147214,-0.3296098435902626,-0.398224492670167,0.4400758239059561,-0.7644150787312283,-2.657475685706024,0.9724935314116984,2.4582421815509994,3.857636363636364,3.995755844155845,2.544528034841126,3.981423566933743,5.435168415647405,0.53131691337699
HK.01093,-0.4482667212924143,-0.4850541109284263,-0.3191957070039364,-0.0951312036684819,-5.3538283321502975,-2.502539208061971,0.9160459544936694,1.5526194109536684,1.5524774103896104,1.4832836661818185,1.371306521141377,2.96336962588926,2.077896936044365,0.3763433026751174
HK.00857,0.5912314622550844,0.1309811583108314,0.4135333601843444,0.6058201303578739,0.5630843339201811,0.5340980021191408,0.9818882251502942,0.3678169075731058,0.5629419480519481,0.4540632675324674,0.3630286838661593,0.3903861374947673,0.4053465836895163,0.0752880592432502
HK.00688,0.0860821804074801,-0.8395144920616027,-0.2859257919734579,-0.1352860532053426,-0.1130433371497332,-0.4002648532623236,0.934809129328412,1.7366141024118769,2.334467532467533,2.0151168831168835,1.945727976970732,1.890708182592428,2.1599635174320206,0.4234257775499397
HK.00006,-0.6814764431563478,-2.6952270763101778,-0.5453983539099854,-0.0603171412842333,-0.3232672771546774,-1.473457040462927,0.9266672787198234,1.9436617185490384,3.31625974025974,2.1730571428571435,1.8251763799507108,2.064246489275475,2.611801569571052,0.4542114022717108
HK.00960,0.650249507716202,-0.5655082409659726,-0.5125707276940727,0.7486010289016328,-0.7574796954155658,-2.944265669710835,0.9465341119855228,2.203585544128856,5.370906493506493,5.185825454545454,2.2162399085264117,5.254316939038562,7.909552365807771,1.0026252026103957
HK.01177,-0.40260436567976,-0.4233327154337436,-0.2475612869433756,0.2311144595064413,-2.360793695793715,-0.7076073655083588,0.9430183119148666,1.261489496753488,1.3304295309090912,1.2595211791688308,0.9215179270119708,1.8467949382815023,1.4154155608855123,0.2431283008453449
HK.00267,0.1835661849885024,-0.7239412029254146,-0.1499924572706186,0.2479551600766931,0.2250411687550495,0.2196553653399403,0.9652757991437564,0.5426422634164912,0.7741948051948052,0.6329753246753246,0.5378631935492068,0.5545317584002565,0.5361018246131249,0.1136126818010569
